address,price,beds,baths,sqft,url,description,type,page_number,neighborhood,scraped_date
"Milo on Morton | 1801 Morton Ave, Los Angeles, CA","$2,800+ 1 bd",N/A,N/A,N/A,https://www.zillow.com/apartments/los-angeles-ca/milo-on-morton/CkCNbb/,"Milo on Morton is a collection of 3 apartment buildings featuring 66 one, two, and three-bedroom apartments located in Echo Park. This expansive community is an exciting home for those who desire to be a little closer to nature. Milo on Morton has 3 outdoor courtyards and is walking distance to both Elysian Park and the Baxter stairs.After your morning hike, you can unwind at the best bars and restaurants that Echo Park has to offer: visit Mohawk Bend, Masa Bakery & Cafe or Button Mash, and don't forget to catch a game at Dodger's Stadium just steps away.Milo on Morton gives you access to the best of both worlds thanks to the prime neighborhood location and secluded outdoor spaces.",Rental,1,Echo Park,2025-08-06 22:17:47
"The Angeleno | 1011 Everett St, Los Angeles, CA","$2,850+ 1 bd",N/A,N/A,N/A,https://www.zillow.com/apartments/los-angeles-ca/the-angeleno/CkMqKF/,"Now leasing! Contact us and schedule a tour today. Luxury Living, Urban Feel, Sky-High Views.

A beautiful brand-new construction property with breathtaking Los Angeles city views from DTLA all the way to the Hollywood Sign, located in the historic hillside community in Echo Park. With an elegant roof top deck with a lounge spa, BBQ's, and a communal fire pit for either soaking up the California sunshine or mingling with neighbors, a property best catered to complete relaxation. We designed our pet-friendly one, two, three, and four-bedroom units with elegance, comfort, and serenity in mind. From soothing color palettes and natural accents to designer finishes and private balconies, our luxury apartments in Echo Park were crafted to meet your every need from the moment you step through the door. All our homes offer tall windows and plenty of natural light. They each come equipped with full-size appliances and feature stunning views of the Los Angeles skyline or the lush Elysian Park. All our units are outfitted with innovative extras for added convenience and security. Think smart thermostats and smart home-entry systems for added peace of mind whether you're at home or out on the town. Whether you want to enjoy a morning coffee al fresco or an after-work glass of Cabernet, most of our units are adorned with spacious private balconies. Stainless steel appliances, designer finishes, and quartz countertops are among the myriad thoughtful details that enhance each residence. Natural materials like stone and wood complement the neutral color scheme, adding to the refined and relaxing ambiance",Rental,1,Echo Park,2025-08-06 22:17:47
"Zag Apartments | 1750 Glendale Blvd, Los Angeles, CA","$2,695+ 1 bd",N/A,N/A,N/A,https://www.zillow.com/apartments/los-angeles-ca/zag-apartments/CkBB9L/,"Luxury Echo Park Apartments! 

Move into this brand new building today! Located in beautiful Echo Park, Zag Apartments are full of details and touches designed to work with your lifestyle!

At Zag apartments we are redefining the rental experience with homes thoughtful touches like spacious nine-foot ceilings, vinyl plank flooring and premium quality lighting and finishes are as beautiful as they are functional and durable. 

Zag apartments are equipped with air conditioning to keep you cool year round and white roller shades to control privacy and brightness. LED lighting throughout living spaces and walk-in closets, polished quartz countertops, and oversized concrete-look porcelain tile backsplash complete these modern homes. The bathrooms feature engineered polished quartz countertops and bathtub ledge, porcelain floor tile and lower vanity wall tile in select homes. Wood-look flat slab cabinets with brushed nickel edge pulls and contrasting pewter interiors, frameless mirrors in bathrooms and ensuites and Taymor bathroom accessories in satin nickel.

Contact us to book your showing today!

Now offering TWO MONTHS FREE! Call for more details!",Rental,1,Echo Park,2025-08-06 22:17:47
"Skyline Terrace | 930 Figueroa Ter, Los Angeles, CA","$1,979+ 1 bd",N/A,N/A,N/A,https://www.zillow.com/apartments/los-angeles-ca/skyline-terrace/5XjRDf/,"Conveniently located in the business and cultural heart of Downtown LA, Offering one and two-bedroom contemporary hilltop homes for rent with beautiful views, spacious floor plans, and luxury living. Skyline Terrace Apartments includes sweeping views of the L.A. skyline.

Listed pricing and special offers only valid for new residents. Pricing and availability subject to change at any time.

Skyline Terrace does not warrant or represent that image renderings on this website are an accurate representation of every floor plan available at the Property. Floor plans may vary unit by unit and by location at the Property. Please contact our Leasing Office to schedule a tour of the Property and the particular unit you are interested in. Listed pricing and special offers only valid for new residents. Pricing and availability subject to change at any time.",Rental,1,Echo Park,2025-08-06 22:17:47
"Big Momma Court Apts | 1412 Echo Park Ave, Los Angeles, CA","$1,895+ Studio",N/A,N/A,N/A,https://www.zillow.com/apartments/los-angeles-ca/big-momma-court-apts/CjLqSn/,"Driving up to this property you can't help but smile, the iconic exterior color jumps out and lends itself to the most Instagram-able moments. As you walk off the street you'll be transported into a world with a Mediterranean street vibe. Custom mosaic tiles inlaid into the buildings, luscious succulents, and romantic, overhead string lights -an entrance to remember! It's a magical and dreamy interior with original built-ins throughout the home.

The kitchen has ample counter and cabinet space, The living room boasts large, vintage architected windows that are breathtaking. Light pouring into your apartment and a perfect frame for the street art across Echo Park Avenue. Complete with original hardwood floors throughout, a baseboard trim and an extra storage closet. Garage available for $125 per month. Just around the corner is your recently updated bathroom. Close to art and culture of Echo Park this location is fantastic you're around the corner from all of the neighborhood treasures. One block to Sunset: you are only 5 walking minutes away from the perfect cup of coffee at Silver Back coffee, brunch at Honey Hi, lunch at Sage, afternoon vintage shopping, grocery shopping at Lassen's, dinner and drinks at Semi-Tropic, a late show at The Echo! Make this your home today! Pets will be subject to a $25/month, per pet fee, with a maximum of 2 pets per unit. For those approved applicants with ESAs or service animals related to an accommodation due to disability, no pet rent will be charged.

-Quoted security deposit is on approved credit.
-6 or 12 month - Six month lease available with $200 monthly surcharge.

Pictures in this ad are a representation and may not reflect the actual apartment that is currently available.
The rent, deposit, concession and terms listed in this ad are only valid for the actual date that this ad was initially posted.",Rental,1,Echo Park,2025-08-06 22:17:47
"1313 Sunset BLVD, 1313 W Sunset Blvd, Los Angeles, CA 90026","$2,795+/mo",N/A,N/A,N/A,https://www.zillow.com/apartments/los-angeles-ca/1313-sunset-blvd/BrJLHf/,"Come view our spacious artist lofts today! Designed for creative types, with very spacious floor plans, bright light, and soaring 16 foot high ceilings! Perfect for entertaining, or recharging after a long day.

Sip coffee on your private patio or balcony, or cook up a feast in your stainless kitchen. Large open floor plans are a perfect canvas for you to customize. Located on Sunset Blvd just below Dodger Stadium, with all the fun of Echo Park steps away. Only a short Lyft to DTLA, or Silver Lake!
New Construction Lofts with Fiber Internet, Elevator, Onsite Manager, Double Height Ceilings, All Homes offer unique floor plans with quartz counters, stainless appliances, authentic hardwood floors and In-Unit Laundry.

Available Now! Schedule your tour now. Photos do not do these gorgeous apartments with soaring ceilings justice!
The beauty of loft living is that you get to decide how to best utilize your space. These units are great for people who are creative and need a flexible space.

2019 Construction Townhouse Style Lofts Pre-Wired with Fiber Internet, 16' Soaring Ceilings, Caesarstone Counters, Polished Granite and/or Luxury Plank Hardwood Floors, Central Air Conditioning and Heat, In-Unit Laundry, In-Sink Disposal, Stainless Oven, Stainless Fridge and Dishwasher. All homes offer Balconies or Patios. All Homes Offer Unique Floor-plans. The Building includes an Elevator, Onsite Manager, EV Charging Stalls, Fiber Internet, Bicycle Storage, Central Courtyard with Drought Friendly Landscaping. Located on Sunset Blvd just below Dodger Stadium, with all the fun of Echo Park steps away. Only a short Lyft or Uber ride to DTLA!",Rental,1,Echo Park,2025-08-06 22:17:47
"The Elysian | 1115 W Sunset Blvd, Los Angeles, CA","$3,499+ 1 bd",N/A,N/A,N/A,https://www.zillow.com/apartments/los-angeles-ca/the-elysian/5gzYCh/,"Dry cleaning drop off, a unique feature, is found in just",Rental,1,Echo Park,2025-08-06 22:17:47
"980 White Knoll, 980 White Knoll Dr, Los Angeles, CA 90012","$2,400+/mo",N/A,N/A,N/A,https://www.zillow.com/apartments/los-angeles-ca/980-white-knoll/CmjMJj/,"Welcome to 980 White Knoll, nestled in Angelino Heights on a picturesque street. These units have been beautifully redone with modern finishes to offer residents modern living just minutes from Echo Park.

Flanked by Silver Lake and DTLA, Echo Park stands as one of the most historic and diverse neighborhoods in LA. Home to Dodger Stadium, Echo Park Lake, and a wide variety of dining, shopping, and outdoor destinations, Echo Park has all that an Angelino can ask for. Head down to the park and enjoy paddle-boating around the lake, or spend the afternoon thrifting at Lemon Frog Shop and grabbing a taco at Taco Zone. Steps away sits the main drag of Sunset Blvd, which continues to experience a retail, recreation and restaurant renaissance. And with easy access to the 101 Freeway, the rest of LA is at your fingertips. Contact our leasing team today to schedule a tour!",Rental,1,Echo Park,2025-08-06 22:17:47
"ECHO Lofts, True luxury Two Story Live/Work Townhouses, 1030 N Alvarado St, Los Angeles, CA 90026","$2,475+/mo",N/A,N/A,N/A,https://www.zillow.com/apartments/los-angeles-ca/echo-lofts-true-luxury-two-story-live-work-townhouses/CkCJqF/,"ECHO Lofts, True luxury Two Story Live/Work Townhouses",Rental,1,Echo Park,2025-08-06 22:17:47
"SYN - Warwick Apartments, 1828 Santa Ynez St APT 210, Los Angeles, CA 90026","$1,725/mo",N/A,N/A,N/A,https://www.zillow.com/apartments/los-angeles-ca/syn-warwick-apartments/5XnVWj/,"Fantastic Location! Come see our recently renovated apartments located steps away from Echo Park Lake! We currently have beautiful apartments featuring new caesarstone counters, stainless steel appliances, brand new cabinets, Refrigerator included, and refinished original hardwood floors in select apartments. Enjoy the conveniences of today, while enjoying the charm of the 1920s. Living in this prime location, our residents enjoy all the entertainment and dining options people have grown to love about Echo Park. Looking for adventure outside of Echo Park? Easy access to the 101, 110, 5, 2 and 10 allow you to quickly get to just about anywhere in Los Angeles. Pet Friendly! Pets will be subject to a $25/month, per pet fee, with a maximum of 2 pets per unit. For those approved applicants with ESAs or service animals related to an accommodation due to disability, no pet rent will be charged. This pricing will not last. Call us today, and start taking advantage of this great value!

Pictures in this ad are a representation and may not reflect the actual apartment that is currently available.

CHECK OUT OUR 3D VIRTUAL TOURS HERE:

-Listed security deposit is on approved credit.
-6 or 12 month lease - Six month lease available with $200 monthly surcharge. 

The rent, deposit, concession and terms listed in this ad are only valid for the actual date that this ad was initially posted.",Rental,1,Echo Park,2025-08-06 22:17:47
"Carmel Heights Apts | 1850 Morton Ave, Los Angeles, CA","$2,250+ 1 bd",N/A,N/A,N/A,https://www.zillow.com/apartments/echo-park-ca/carmel-heights-apts/CkB9rX/,Current Special: Security Deposit begins at $500 and is a sliding scale.,Rental,1,Echo Park,2025-08-06 22:17:47
"CLM - Vista Calumet, 1324 Calumet Ave APT 205, Los Angeles, CA 90026","$1,695/mo",N/A,N/A,N/A,https://www.zillow.com/apartments/los-angeles-ca/clm-vista-calumet/5XryPb/,"Recently renovated, this historic building in a great residential neighborhood of Echo Park offers a rare combination of 1920's charm and the upgraded modern kitchens and bathrooms of today. We currently have beautiful apartments featuring new caesarstone counters, stainless steel appliances, brand new cabinets, exposed brick, and refinished original hardwood floors in select apartments. Blocks away from the recently restored Echo Park Lake, our residents enjoy the park's fishing, pedal boats, and walking paths and are right in the middle of all the entertainment and dining options Echo Park has to offer.
Looking for adventure outside of Echo Park? Easy access to the 101, 110, 5, 2 and 10 allow you to quickly get to just about anywhere in Los Angeles. Pet Friendly! Pets will be subject to a $25/month, per pet fee, with a maximum of 2 pets per unit. For those approved applicants with ESAs or service animals related to an accommodation due to disability, no pet rent will be charged. This pricing will not last. Call us today, and start taking advantage of this great value!
Pictures in this ad are a representation and may not reflect the actual apartment that is currently available.

CHECK OUT OUR 3D VIRTUAL TOURS HERE:

-Listed security deposit is on approved credit.
-6 or 12 month lease - Six month lease available with $200 monthly surcharge. 

The rent, deposit, concession and terms listed in this ad are only valid for the actual date that this ad was initially posted.",Rental,1,Echo Park,2025-08-06 22:17:47
"Del Mor | 1551 Echo Park Ave, Los Angeles, CA","$2,658+ 1 bd",N/A,N/A,N/A,https://www.zillow.com/apartments/los-angeles-ca/del-mor/5hDS2R/,"Price shown is Base Rent. Residents are required to pay: At Application: Application Fee ($35.00/applicant, nonrefundable); Holding Deposit (Refundable) ($150.00/unit); At Move-in: Security Deposit (Refundable) ($500.0-$500.0); Monthly: Water (usage-based); Sewer (usage-based); Trash Services-CA (usage-based); SCEP Fee ($2.83/unit); Renters Liability Insurance-3rd Party (varies). Please visit the property website for a full list of all optional and situational fees. Floor plans are artist's rendering. All dimensions are approximate. Actual product and specifications may vary in dimension or detail. Not all features are available in every rental home. Please see a representative for details.

Introducing Del Mor Apartments located in the artist neighborhood of Echo Park, California, an area where sophistication and creative inhabitants collide. Fronting Echo Park Avenue, this four-story, charming brick building is comprised of 44 apartment homes ranging from studios to one and two-bedroom apartment homes. Echo Park Avenue runs north-south and is one of the major retail arteries in Echo Park, attracting many high-end boutiques and restaurants. You'll love the collection of local shops and cafes located on the ground floor, including Cookbook Grocery, Counterpart Deli, Tanvin Boutique, Glowing Juices, and Shout and About. Close to major freeways -the 101 and 5, and proximate to Downtown, Dodger Stadium, Hollywood, Silver Lake, and the quaint hilly neighborhoods of Echo Park. Minutes from more boutiques and premier restaurants along iconic Sunset Blvd. Greystar California, Inc. dba Greystar Corp. License No. 1525765 Broker: Gerard S. Donohue License No. 01265072",Rental,1,Echo Park,2025-08-06 22:17:47
"1000 Everett St, Los Angeles, CA 90026","$2,350/mo",N/A,N/A,N/A,https://www.zillow.com/homedetails/1000-Everett-St-Los-Angeles-CA-90026/452069773_zpid/,"Upstairs spacious unit with view of City lights. Minutes to DTLA and Dodgers stadium. Across from Everett Park.
1 gated assigned parking. Immediate occupancy, ready for move in. 
Owner pays for water, sewer and trash. Tenant pays for electricity, gas.
$35 non-refundable credit check fee upon approved applications with proof of income. No prior eviction.
Application available at showing. Showings by appointment with Wenny, call or text for appointment or questions.
Minimum 1 year lease.

Owner pays for water, trash and gardening. Tenant pays for electricity and gas. $35 per adult applicant non-refundable credit check fee upon approved application and proof of income. No prior evictions. Maximum 4 occupants. 
Submit application with photo ID a must. 
$35 refundable deposit for each parking remote control.
1 year lease minimum.Hide",Rental,2,Echo Park,2025-08-06 22:17:47
"1725 Kent St, Los Angeles, CA 90026","$2,699/mo",N/A,N/A,N/A,https://www.zillow.com/homedetails/1725-Kent-St-Los-Angeles-CA-90026/20739552_zpid/,"Available 8/18/25 
Utilities (electricity, water, gas, trash) included. Easy street parking. 
Renters must have minimum income of 3x monthly rent, and a credit score of 700+

Welcome to your private Echo Park retreat. This 1-bed, 1-bath guest house offers rare privacy with no shared walls, high ceilings, new laminate floors, window AC, and in-unit washer/dryer. Part of a Triplex offers fantastic views of the iconic Echo Park Lake and downtown Los Angeles. You'll enter through a shared entrance, but once inside, the large, sunny yard feels entirely yours a serene canvas for reading, pets, or weekend entertaining. 

Utilities fully included: electricity, water, gas, and trash so no surprise costs!

Cozy kitchen with warm lighting and functional layout: ideal for simple meals or artisan coffee mornings. New laminate wood tone flooring throughout adds polish and easy upkeep. High ceilings and oversized windows fill the home with natural light, making the space feel larger and graceful. In-unit washer and dryer add top-tier convenience. 

Pet-friendly: $30/month per pet, (max two pets).

Enjoy your own front yard ideal for pets or soaking up the sun. Freshly painted inside and out. Blocks from Sunset Boulevard and close to restaurants and shopping at Target, this Echo Park home offers urban living at its finest. 

Just one block from Sunset Blvd, you're steps from Echo Park's top spots coffee at Stereoscope, pizza at Masa, cocktails at Donna's, and post-game drinks at Bar Flores. With a Walk Score of 92, Koreatown, Silver Lake, Los Feliz, and Downtown LA are all within easy reach.

Owner Pays for Electricity, Gas, Water, Trash. 
1 Year Lease
Must have no prior evictions 
Make 2.5X Rent for Income 
Street Parking Only 
No Smoking Inside 
Small Dog and Cats OK with $50/mo per Pet.Hide",Rental,2,Echo Park,2025-08-06 22:17:47
"Apt Sunvue (Rso), 1161-1167 Sunvue Pl #1165, Los Angeles, CA 90012","$1,900/mo",N/A,N/A,N/A,https://www.zillow.com/apartments/los-angeles-ca/apt-sunvue-(rso)/B8WbwY/,"Shown By Appointment. Text to 626 Eight 7 Seven 15 Eight One

Renovated Spacious Upper 1-bed/1-bath, 2 balconies. Near Angelino and Victor Heights. Bonus room that could be used as a bedroom. 
One block away from Bob's Market from Fast & Furious movie.

Street Parking Only

APPLICATION REQUIREMENT:
* 650 credit score or higher
* Monthly Gross Income 3x rent amount
* Copies of Photo ID, Social, Pay Stubs, Bank Statement (Must have all 4 documents.), Or tax return if self-employed.
* Good landlord reference
* $59 application fee for each adult applicant
* Pets OK with $500 pet deposit and $50/month pet rent.",Rental,2,Echo Park,2025-08-06 22:17:47
"1218 W Sunset Blvd #305, Los Angeles, CA 90026","$2,280/mo",N/A,N/A,N/A,https://www.zillow.com/homedetails/1218-W-Sunset-Blvd-305-Los-Angeles-CA-90026/2072294048_zpid/,"Prime Location 
 
2 bedroom 1 bathroom located near the Dodger Stadium and Echo Park Lake.
Laundry facility available on-site. Month to month lease. Comes with 1 reserved parking space.Show more",Rental,2,Echo Park,2025-08-06 22:17:47
"Montana, 1315 Montana St APT 1, Los Angeles, CA 90026","$2,429/mo",N/A,N/A,N/A,https://www.zillow.com/apartments/los-angeles-ca/montana/9MLXN8/,"MATTERPORT TOUR

Welcome to our modern apartment in the heart of Los Angeles, CA. This sleek and stylish unit features recessed lighting, a dishwasher, air conditioning, and a microwave for your convenience. The kitchen boasts quartz counters and shaker cabinets, perfect for all your culinary needs. Enjoy the natural light that streams through the vinyl windows and horizontal blinds. The luxury vinyl plank flooring adds a touch of elegance to the space. With on-site parking and a 24/7 maintenance call center, your comfort and convenience are our top priorities. Stay connected with our tenant portal for easy communication and access to important information. Don't miss out on this fantastic opportunity to live in a modern and well-maintained apartment in a prime location. Contact us today to schedule a tour!

AMENITIES
On-Site Parking
On-Site Laundry
Luxury Vinyl Plank Flooring
Recessed Lighting
Vinyl Windows with Blinds

APPLIANCES
Dishwasher
Refrigerator
Range / Oven
Air Conditioning
Gas Wall Furnace

Details
Application Fee: $39
Base Price: $2649
Concession: -$220.75 - One Month Free on 12 Month Lease / Pro-rated
Net Rent: $2,428.25
Security Deposit - $2649
Tenant Pays Electric, Gas, Trash
Landlord Pays Water & Sewer

OPTIONAL
Single Parking Space $50 / Month
Pet Rent: Dog $50 | Cat $20 / Month

LOCATION
Echo Park Lake
Elysian Park
Silver Lake Reservoir
Easy Access to 101 & 110 & 5 Freeways

MOST CURRENT DETAILS HERE:

CONCESSION
You will be given the 2nd month free. The pro-rated listed rate demonstrates your average rent over the initial 12 month lease term.",Rental,2,Echo Park,2025-08-06 22:17:47
"Belmont Apartments, 627 Belmont Ave #1, Los Angeles, CA 90026","$2,063/mo",N/A,N/A,N/A,https://www.zillow.com/apartments/los-angeles-ca/belmont-apartments/9MLcY6/,"**All information deemed reliable but not guaranteed. Advertised rent is net pricing of the unit when factoring in the move in special on a 12 month lease. Actual gross rent paid is $2,250 for a 1 bed **

2ND MONTHS RENT FREE!!
Deposit: $1,000 *oac*

Welcome to Belmont Apartments, our boutique apartment community is located the vibrant city in Echo Park, adjacent to Silver Lake and Downtown LA. Some of the best restaurants, bars, parks and shopping that Los Angeles has to offer are all just minutes away. Close proximity to the 101 makes it easy to get to all the most trendy and desirable neighborhoods located in Northeast LA. Our two-bedroom, one-bathroom apartment offers a comfortable and convenient living experience. At Belmont Apartments, we prioritize your comfort and convenience, providing you with the amenities you need for a hassle-free lifestyle. Come and experience the best of Los Angeles living at Belmont Apartments.

KEY FEATURES
Bedrooms: 1
Bathrooms: 1
Lease Duration: 1 Year
Parking: 1 space
Deposit: $1,000 *oac
Pets Policy: Small pets allowed with additional $500 deposit and monthly pet rent ($50/dog & $25/cat)
Laundry: Shared
Property Type: Apartment
Utilities Included: none

Our beautifully unit, with no detail overlooked, include:
- stove/oven
- refrigerator
- exceptional views

Our boutique amenities include:
- online rent payment
- professional management
- off-street assigned parking

Please call us for more information and to schedule your personal tour!

**EQUAL HOUSING OPPORTUNITY**
Photos/3d Tour May Not Represent the Actual Unit Which Is For Lease. Advertised Sq. Footage is approximate. Please Contact The Leasing Agent For More Information",Rental,2,Echo Park,2025-08-06 22:17:47
"947 Figueroa Ter, Los Angeles, CA 90012","$2,600/mo",N/A,N/A,N/A,https://www.zillow.com/homedetails/947-Figueroa-Ter-Los-Angeles-CA-90012/2077531839_zpid/,"Get WARMED UP in this splendidly spacious 2br / 1ba second floor unit
Amazing VIEWS of Downtown LA skyline!
A convenient spot to Chinatown and Downtown
Spacious living area
Wood laminate floors throughout
Gas stove / wall heater and AC
Garbage disposal
Water-trash-gardener included
Laundry room in the building
Gated and secured property
Building parking & just steps to public transit

Call today to set up a viewing of this lovely residence :)

Owner pays water, trash, a gardener. Minimum 1 year lease. 
** FREE Home Products Gift Basket upon move-in **Show more",Rental,2,Echo Park,2025-08-06 22:17:47
"1035 Figueroa Ter APT 4, Los Angeles, CA 90012","$5,500/mo",N/A,N/A,N/A,https://www.zillow.com/homedetails/1035-Figueroa-Ter-APT-4-Los-Angeles-CA-90012/302797372_zpid/,"The Terrace, Modern Townhome in a gated community with onsite security. Located in Echo Park, very close to DTLA with amazing DTLA skyline views! 

This townhome comes with 3 bedrooms 2.5 bathrooms, 2 Balconies and 1 Patio, 2 car tandem Garage Parking with private Tesla EV Charging, generous guest parking spots, Full Size Laundry in-unit, Smart home ready with 2 upgraded Nest wifi thermostats, and built-in speakers. Master bedroom patio provides a stunning panoramic view of DTLA. All Bedrooms have upgraded custom walk-in closets from California Closet. 

Easy access to 110 and 101 Freeway Close to Dodger Stadium, Downtown LA, Little Tokyo, Arts District, Echo Park, Chinatown, Silver Lake, Koreatown, Pasadena, Glendale, Hollywood, Highland Park, Atwater Village and more.

*Prices and availability subject to change without notice.

Tenant pays for Internet (AT&T or Spectrum ready), Gas (Southern California Gas), Water & Electric (LADWP). 
Home will include: high-end refrigerator, microwave, stove/oven, dining room light fixture, bluetooth speakers setup for living room, tv mount installed, washer & dryer, 2 nest thermostats and ring camera (requires annual fee paid by renter). 
No smoking allowed.Hide",Rental,2,Echo Park,2025-08-06 22:17:47
"1244 Innes Ave, Los Angeles, CA","$5,300+ 5 bds",N/A,N/A,N/A,https://www.zillow.com/apartments/los-angeles-ca/1244-innes-a/9MLXDk/,"5 bedrooms and 4 bathrooms (1 en suite bathroom), living room, kitchen with appliances (microwave, electric range, oven. 
This newly built contemporary 5 bedroom complex is located in a highly desirable area of Echo Park with Dodgers Stadium within walking distance and popular restaurants/coffee shops all withing minutes away. Each unit has 3 bathrooms (1 en suite) and includes appliances such as a refrigerator, dishwasher, cooking range, washer/dryer. Enjoy beautiful views of Echo Park with these large floor to ceiling windows.

Schedule a tour today and experience everything these brand-new apartments have to offer!",Rental,2,Echo Park,2025-08-06 22:17:47
"1571 Curran St, Los Angeles, CA 90026","$6,850/mo",N/A,N/A,N/A,https://www.zillow.com/homedetails/1571-Curran-St-Los-Angeles-CA-90026/20753916_zpid/,"A lush, tranquil hideaway, with canyon views of hilly Elysian Heights, this charming home has been a creative catalyst and sanctuary for writers and artists for generations. Pass through the Pagoda entry, and cross an arched bridge over the koi pond, past the Zen-inspired garden, to the large wraparound deck perfect for California indoor/outdoor living. 

Living room with walls of windows, dark beams and skylight, offers lots of natural light with an open, airy feel and afternoon cross-room breezes. Slip into the antique clawfoot bathtub, with a view out to the eucalyptus grove that lets you relax with nature, or head out for a hike up the Baxter Steps and into Elysian Park. 

Awake to birdsong and the sound of falling water. Go out to the deck or balcony and experience the tranquil nature of colorful koi hoping to be fed, and the endless variety of local and migrant birds that stop by for a sip from the pond. The pond itself is home to a variety of medium size koi, goldfish, mosquito fish, dragonflies, and the resident lily pad-hopping frog. 

A short stroll down the hill offers your choice of Lady Byrd, Valerie Cafe or Canyon Coffee, on your way to a great selection of shops, cafes and restaurants, and to the lake in Echo Park.

The home is equipped with Central A/C. Located on a quiet street, there's consistently 2-3 open spots immediately in front of the house. Street has no through traffic, very low foot traffic, and no parking restrictions.

TERMS:
$6,850 monthly rent
Flexible lease terms. Available for short term to long term rentals (1-12 months). For stays of shorter than 6 months, the monthly rate varies and is dependent on time of year and length of stay.
Furnishings available. Can come unfurnished, or partially or fully furnished.
$13,700 refundable security deposit (for unfurnished)
Rent includes monthly yard and pond maintenance. 
Tenant pays all utilities and for any additionally-desired yard and pond maintenance.
Smoking of any kind is very strictly outdoors only.
Renters insurance policy required.

WHEN EMAILING, PLEASE LET US KNOW:
Please tell us more about yourself and your situation, including:
** How many people, pets (including breed, temperament, size, etc.), and smokers would live here,
** Whether you are looking for an unfurnished, or (partially / fully) furnished place (photos do not show current furnishings), and 
** Your preferred move-in date, and lease length. MAY BE AVAILABLE SOONER.
** Please also provide your credit score range/s.

.. PLEASE DO NOT DISTURB OCCUPANTS ..Hide",Rental,3,Echo Park,2025-08-06 22:17:47
"1946 1/2 Preston Ave, Los Angeles, CA 90026","$3,795/mo",N/A,N/A,N/A,https://www.zillow.com/homedetails/1946-1-2-Preston-Ave-Los-Angeles-CA-90026/349582687_zpid/,"Located in prime Echo Park, this inviting 2-bedroom 1-bath unit is brand new and ready to call home! This home boasts an inviting open floor plan, providing plenty of space for you to relax and unwind. The stylish kitchen is equipped with Euro style cabinets, brand new appliances and ample counter space perfect for preparing gourmet meals. The bedroom provides a cozy haven to retreat to after a long day while the bathroom is beautifully appointed with designer tile and finishes; providing a spa-like atmosphere for your relaxation and enjoyment. This unit also offers great charm and amenities such as oak hardwood flooring, powerful ac/heat and washer/dryer in unit. Located in the hills of Echo Park , this home offers easy access to a plethora of exciting entertainment options, trendy cafes, and boutique shops. The vibrant community offers something for everyone, whether you're looking to explore the local art scene or indulge in delicious cuisine. In addition to its prime location, its unparalleled combination of style, comfort and convenience, this rental unit is the perfect place to call home. Don't miss out on this incredible opportunity - schedule your viewing today!

Renter responsible for all utilities. Parking available for additional $100/monthHide",Rental,3,Echo Park,2025-08-06 22:17:47
"(undisclosed Address), Los Angeles, CA 90039","$3,000/mo",N/A,N/A,N/A,https://www.zillow.com/homedetails/Los-Angeles-CA-90039/2055768395_zpid/,"Up for rent is a vintage 1920s stand alone home in the heart of Echo Park. 

It is a 1 bedroom/1 bath with a one car driveway, storage garage and backyard. Original hard wood floors along with vintage kitchen counter. 

It is COMPLETELY UNFURNISHED. 
No Pets
No washing facilities/hookups. 
Security deposit will be discussed in person. 

Call to schedule an appointment for viewing at any time. Please do not text as I do not respond to text messages. Feel free to leave a message and I will get back to you as soon as possible.

It is a month rental agreement. Subleasing not permitted. Landlord is responsible for water only, all other amenities are tenants responsibility. No pets permitted. No washing facilities or hookups. No smoking. Further details will be discussed and explained via rental agreement.Hide",Rental,3,Echo Park,2025-08-06 22:17:47
"1029 N White Knoll Dr, Los Angeles, CA 90012","$6,400/mo",N/A,N/A,N/A,https://www.zillow.com/homedetails/1029-N-White-Knoll-Dr-Los-Angeles-CA-90012/2075454009_zpid/,"Welcome to your new home in prime Echo Park, where modern elegance meets urban festivity! This stunning 3-bedroom, 3.5-bathroom residence, built in 2021, offers comfortable living nestled against the picturesque backdrop of Elysian Park. Step inside and be greeted by an abundance of natural light streaming through the dual-pane picture windows, illuminating the open-concept living space. With tall 10-foot ceilings, the home feels airy and free, creating the perfect ambiance for relaxation and entertainment. The heart of the home lies in the gourmet kitchen, boasting sleek quartz countertops, a center island, and edgy stainless steel appliances, including a 5-burner Bertazzoni range. On the second level, you'll find the primary suite complete with a walk-in closet, dual sink vanity, and a roomy shower. Two additional bedroom suites offer comfort and privacy for family members or guests. This home is equipped with CAT-5 wiring, a smart thermostat, and smart door locks for added security and efficiency. Parking is a breeze with a 2-car garage, ensuring that you'll always have a space to come home to. But perhaps the piece de resistance is the expansive rooftop deck, offering panoramic views of Los Angeles' iconic skyline, as well as the beaming lights of Dodgers Stadium. This home is the perfect spot to unwind with a glass of wine or host gatherings under the city lights. Being in the heart of Echo Park and conveniently close to 110, 101, I-5, and I-10, you'll enjoy easy access to a myriad of entertainment, nightlife, and dining options in DTLA, Chinatown, Olvera Street, Silver Lake, Little Tokyo, Arts District, and much much more. Do not let this opportunity pass you by. 1029 White Knoll is ready to welcome its next resident! *Furniture are not included.*

Renter is responsible for all utilities (ie. water, power, gas, internet, cable, etc.) Ownership is responsible for landscaping and HOA. Qualifications: 700+ credit score, no eviction, sustainable monthly income, stable employment, renter insurance.Hide",Rental,3,Echo Park,2025-08-06 22:17:47
"1951 Echo Park Ave #1951, Los Angeles, CA 90026","$2,595/mo",N/A,N/A,N/A,https://www.zillow.com/homedetails/1951-Echo-Park-Ave-1951-Los-Angeles-CA-90026/2056303743_zpid/,"Are you ready for a peaceful, happy place to live with great neighbors and a housing provider that cares? Updated one bedroom apartment in a charming 4-unit bldg set up and off the street in prime Echo Park. Top floor with a view! 1 mile up from Sunset on Echo Park Ave. Beautiful kitchen with quartz counters, stainless steel refrigerator, stove overhead vent, and dishwasher. Newer bathroom. New windows and beautifully re-done original hardwood floors. Lush backyard with bamboo forest, laundry and 1 off-street parking space. Walk to great restaurants, coffee shops, and more. Available Oct 1, 2024. I take great care of the building and have awesome tenants that love living there and get along well. Don't miss seeing this one!

One year minimum.
Reference checks and FICO Score over 700
Free Laundry
Landlord pays water
Tenant pays all other utilities 
One off st parking space.Hide",Rental,3,Echo Park,2025-08-06 22:17:47
"1141 Echo Park Ave #108, Los Angeles, CA 90026","$1,842/mo",N/A,N/A,N/A,https://www.zillow.com/homedetails/1141-Echo-Park-Ave-108-Los-Angeles-CA-90026/2053409571_zpid/,"The market rent is $1,995/ mo (Market rent is before ONE MONTH FREE on a 13-month lease is applied, SO YOU PAY $1,841.53/mo)

Recently re-done studio in the heart of Echo Park. This Studio is right off of Sunset Blvd and a block from Echo Park Lake. The location is close to all the best restaurants and coffee shops in Echo Park. The building is a two-story vintage building tucked away off on a side street. 

The main room features ample space and natural light, creating a welcoming atmosphere. A large walk-in closet provides generous storage. The flooring throughout the main area is laminate, offering a sleek look and easy maintenance. The kitchen and bathroom are finished with stylish tiles, adding both functionality and modern appeal. The kitchen is equipped with updated appliances, including a stove and refrigerator! This well-maintained space combines practicality with contemporary updates, making it an ideal home for comfortable living. Contact us to schedule a tour today!

Street parking only, but there is a lot right next to the building.

Owner pays for water and gas.

12 month lease. Owner pays water, trash, and gas. Renter responsible for electricity only. No smoking allowed. Security deposit equals one months rent. Proof of renter's insurance required at move-in.Hide",Rental,3,Echo Park,2025-08-06 22:17:47
"1240 Vin Scully Ave APT 7, Los Angeles, CA 90026","$2,500/mo",N/A,N/A,N/A,https://www.zillow.com/homedetails/1240-Vin-Scully-Ave-APT-7-Los-Angeles-CA-90026/2088956944_zpid/,"HALF OFF THE FIRST MONTH OF RENT for immediate move in 

Amazing 2BR/1BA modern unit, in a remodeled building. Located in trendy Echo Park neighborhood, one block away from Dodger Stadium. Granite Counter Tops, Stainless Steel Appliances. 1 parking spot. Walking distance to Restaurants, Bars, and shopping on Sunset Blvd. Conveniently located minutes from Downtown, Silverlake, Los Feliz, and Hollywood.

Owner Pays for water, 1 parking spot included, laundry on site.Show more",Rental,3,Echo Park,2025-08-06 22:17:47
"930 New Depot St APT 1, Los Angeles, CA 90012","$2,350/mo",N/A,N/A,N/A,https://www.zillow.com/homedetails/930-New-Depot-St-APT-1-Los-Angeles-CA-90012/2063161353_zpid/,"Beautiful & Spacious Lower 2 Bedroom + 1 Bath in Quiet Victor Heights, China Town. This unit features gorgeous new flooring, AC wall mounts, front yard, open lay out, spacious bedrooms, newly remodeled bathroom, parking onsite, and much more. This unit has a massive front yard!!
12 Month lease, tenants pay all utilities, laundry onsite, no pets, available now! 
Contact RIA Management for more informationShow more",Rental,3,Echo Park,2025-08-06 22:17:47
"930 New Depot St APT 4, Los Angeles, CA 90012","$2,325/mo",N/A,N/A,N/A,https://www.zillow.com/homedetails/930-New-Depot-St-APT-4-Los-Angeles-CA-90012/445916359_zpid/,"Beautiful & Spacious Upper 2 Bedroom + 1 Bath in Quiet Victor Heights, China Town. This unit features gorgeous new flooring, AC wall mounts, open lay out, spacious bedrooms, newly remodeled bathroom, parking onsite, and much more. 12 Month lease, tenants pay all utilities, laundry onsite, no pets, available now! 
Contact RIA Management for more informationShow more",Rental,3,Echo Park,2025-08-06 22:17:47
